{"feature_dimension": 30, "_timestamp": 1727507670.8720284, "_runtime": 2.4785873889923096, "_step": 0, "_wandb": {"runtime": 1}}